student_id,nombre_completo,cedula,correo,facultad_codigo,facultad_nombre,carrera,anio_ingreso,semestre_actual,promedio_general,asistencia_promedio,creditos_aprobados,creditos_reprobados,tasa_reprobacion,estado_academico,riesgo_score,perfil_real
UTP-0204,Hector Cruz Pimentel,4-872-1924,hector.cruz204@utp.ac.pa,FISC,Facultad de Ingenieria de Sistemas Computacionales,Ingenieria en Sistemas y Computacion,2020,10,70.48,73.23,100,52,0.2756,En Riesgo,28.06,En Riesgo
UTP-0267,Pedro Morales Gutierrez,11-186-5065,pedro.morales267@utp.ac.pa,FIEM,Facultad de Ingenieria Mecanica,Ingenieria Mecatronica,2023,4,63.14,68.24,38,23,0.3551,En Riesgo,34.74,En Riesgo
UTP-0153,Monica Rivera Alvarado,6-557-1693,monica.rivera153@utp.ac.pa,FIE,Facultad de Ingenieria Electricista,Ingenieria en Telecomunicaciones,2023,5,76.46,76.79,69,8,0.0923,Activo,19.85,Rendimiento Regular
UTP-0010,Natalia Cruz Torres,9-605-2489,natalia.cruz010@utp.ac.pa,FIE,Facultad de Ingenieria Electricista,Ingenieria en Telecomunicaciones,2024,2,91.88,91.6,29,1,0.0312,Activo,6.97,Alto Rendimiento
UTP-0234,Eduardo Chavez Aparicio,10-900-4971,eduardo.chavez234@utp.ac.pa,FIEM,Facultad de Ingenieria Mecanica,Ingenieria Mecatronica,2021,8,62.08,63.82,73,42,0.3639,En Riesgo,36.93,En Riesgo
UTP-0227,Gabriela Aguilar Flores,12-498-6188,gabriela.aguilar227@utp.ac.pa,FIC,Facultad de Ingenieria Civil,Ingenieria Civil,2020,10,67.68,78.17,95,45,0.3377,En Riesgo,29.01,En Riesgo
UTP-0197,Ana Ruiz Torres,9-525-8484,ana.ruiz197@utp.ac.pa,FIEM,Facultad de Ingenieria Mecanica,Ingenieria Mecanica,2024,2,67.15,61.15,21,9,0.2857,En Riesgo,33.88,En Riesgo
UTP-0110,Pablo Munoz Sanchez,12-217-4522,pablo.munoz110@utp.ac.pa,FIIA,Facultad de Ingenieria Industrial y Administrativa,Administracion de Empresas Tecnologicas,2023,5,80.96,86.74,62,13,0.1514,Activo,16.04,Rendimiento Regular
UTP-0006,Francisco Gutierrez Ruiz,11-954-6977,francisco.gutierrez006@utp.ac.pa,FIE,Facultad de Ingenieria Electricista,Ingenieria Electricista,2021,7,87.19,89.95,93,5,0.0494,Activo,9.88,Alto Rendimiento
UTP-0176,Melissa Vargas Villalba,6-619-9351,melissa.vargas176@utp.ac.pa,FIE,Facultad de Ingenieria Electricista,Ingenieria en Telecomunicaciones,2021,8,67.98,73.23,104,16,0.1224,Regular,25.24,Rendimiento Regular
UTP-0238,Natalia Pimentel Cardenas,11-187-2791,natalia.pimentel238@utp.ac.pa,FACIN,Facultad de Ciencias Naturales y Exactas,Licenciatura en Fisica Aplicada,2024,1,62.52,63.64,10,5,0.3119,En Riesgo,35.52,En Riesgo
UTP-0058,Natalia Ruiz Flores,7-280-9548,natalia.ruiz058@utp.ac.pa,FIEM,Facultad de Ingenieria Mecanica,Ingenieria Mecatronica,2020,10,85.92,93.69,151,7,0.0502,Activo,9.1,Alto Rendimiento
UTP-0219,Laura Medina Jimenez,8-678-4984,laura.medina219@utp.ac.pa,FIE,Facultad de Ingenieria Electricista,Ingenieria en Telecomunicaciones,2022,6,75.87,68.47,68,24,0.2811,En Riesgo,27.72,En Riesgo
UTP-0046,Rafael Munoz Ceballos,8-262-8777,rafael.munoz046@utp.ac.pa,FACIN,Facultad de Ciencias Naturales y Exactas,Licenciatura en Fisica Aplicada,2023,5,97.75,90.87,71,2,0.0303,Activo,4.86,Alto Rendimiento
UTP-0183,Gabriela Chavez Martinez,5-831-2294,gabriela.chavez183@utp.ac.pa,FIIA,Facultad de Ingenieria Industrial y Administrativa,Administracion de Empresas Tecnologicas,2023,4,79.89,81.78,49,8,0.1386,Activo,17.89,Rendimiento Regular
UTP-0222,Jose Gutierrez Pimentel,10-773-1539,jose.gutierrez222@utp.ac.pa,FIIA,Facultad de Ingenieria Industrial y Administrativa,Administracion de Empresas Tecnologicas,2022,5,60.28,62.3,49,26,0.2885,En Riesgo,36.3,En Riesgo
UTP-0290,Carolina Ceballos Morales,2-573-2669,carolina.ceballos290@utp.ac.pa,FIC,Facultad de Ingenieria Civil,Ingenieria Civil,2023,4,50.34,58.59,16,40,0.7412,Suspension Academica,52.89,Riesgo Critico
UTP-0212,Manuel Castillo Reyes,6-420-7781,manuel.castillo212@utp.ac.pa,FIE,Facultad de Ingenieria Electricista,Ingenieria en Telecomunicaciones,2023,3,60.87,59.9,35,8,0.1476,En Riesgo,33.38,En Riesgo
UTP-0149,Patricia Martinez Chavez,4-144-4268,patricia.martinez149@utp.ac.pa,FIC,Facultad de Ingenieria Civil,Ingenieria Civil,2020,10,70.48,87.02,135,20,0.1383,Regular,19.81,Rendimiento Regular
UTP-0166,Jorge Solis Rodriguez,8-742-9938,jorge.solis166@utp.ac.pa,FIIA,Facultad de Ingenieria Industrial y Administrativa,Administracion de Empresas Tecnologicas,2021,9,79.69,76.78,114,18,0.1105,Activo,19.01,Rendimiento Regular
UTP-0079,Alejandro Alvarado Aparicio,2-129-4920,alejandro.alvarado079@utp.ac.pa,FIC,Facultad de Ingenieria Civil,Licenciatura en Topografia,2024,1,87.72,86.8,15,0,0.0187,Activo,10.0,Rendimiento Regular
UTP-0114,Natalia Ramirez Gutierrez,10-331-8030,natalia.ramirez114@utp.ac.pa,FIC,Facultad de Ingenieria Civil,Ingenieria Civil,2022,7,74.18,78.07,94,17,0.1322,Regular,21.31,Rendimiento Regular
UTP-0250,Francisco Ceballos Caballero,11-606-7703,francisco.ceballos250@utp.ac.pa,FISC,Facultad de Ingenieria de Sistemas Computacionales,Licenciatura en Desarrollo de Software,2021,7,59.22,63.11,88,18,0.1675,En Riesgo,33.41,En Riesgo
UTP-0251,Fernando Rodriguez Cruz,5-133-5503,fernando.rodriguez251@utp.ac.pa,FIEM,Facultad de Ingenieria Mecanica,Ingenieria Mecatronica,2021,7,58.38,57.19,78,20,0.2019,En Riesgo,36.68,En Riesgo
UTP-0105,Carlos Gutierrez Flores,3-653-5106,carlos.gutierrez105@utp.ac.pa,FIC,Facultad de Ingenieria Civil,Licenciatura en Topografia,2021,9,81.13,87.88,113,22,0.1853,Activo,16.42,Rendimiento Regular
UTP-0043,Gabriela Rodriguez Martinez,4-586-2193,gabriela.rodriguez043@utp.ac.pa,FIC,Facultad de Ingenieria Civil,Licenciatura en Topografia,2021,7,85.05,91.73,98,5,0.043,Activo,9.95,Alto Rendimiento
UTP-0282,Adriana Aparicio Diaz,12-659-5016,adriana.aparicio282@utp.ac.pa,FIIA,Facultad de Ingenieria Industrial y Administrativa,Ingenieria Industrial,2023,4,50.68,53.66,24,41,0.5591,Suspension Academica,49.92,Riesgo Critico
UTP-0296,Roberto Espino Pimentel,8-452-9231,roberto.espino296@utp.ac.pa,FIIA,Facultad de Ingenieria Industrial y Administrativa,Ingenieria Industrial,2023,5,60.93,57.84,39,33,0.4569,Suspension Academica,41.81,Riesgo Critico
UTP-0158,Sofia Torres Gonzalez,8-276-8292,sofia.torres158@utp.ac.pa,FIIA,Facultad de Ingenieria Industrial y Administrativa,Administracion de Empresas Tecnologicas,2023,3,65.49,73.91,38,10,0.1883,Regular,27.64,Rendimiento Regular
UTP-0239,Fernando Jimenez Romero,7-208-1172,fernando.jimenez239@utp.ac.pa,FIE,Facultad de Ingenieria Electricista,Ingenieria Electricista,2024,1,62.81,76.83,9,4,0.2891,En Riesgo,30.21,En Riesgo
UTP-0018,Isabella Gonzalez Caballero,4-385-8953,isabella.gonzalez018@utp.ac.pa,FISC,Facultad de Ingenieria de Sistemas Computacionales,Ingenieria en Sistemas y Computacion,2020,9,88.07,91.29,119,7,0.0584,Activo,9.28,Alto Rendimiento
UTP-0165,Melissa Cardenas Romero,10-142-1464,melissa.cardenas165@utp.ac.pa,FIIA,Facultad de Ingenieria Industrial y Administrativa,Ingenieria Industrial,2021,9,77.39,77.83,99,33,0.1962,Activo,21.71,Rendimiento Regular
UTP-0034,Maria Gomez Romero,7-921-5065,maria.gomez034@utp.ac.pa,FIC,Facultad de Ingenieria Civil,Ingenieria Civil,2021,8,88.83,88.34,110,3,0.0274,Activo,9.24,Alto Rendimiento
UTP-0025,Jose Morales Jimenez,2-683-5033,jose.morales025@utp.ac.pa,FISC,Facultad de Ingenieria de Sistemas Computacionales,Ingenieria en Sistemas y Computacion,2020,10,89.82,100.0,149,0,0.0,Activo,4.07,Alto Rendimiento
UTP-0216,Pedro Cruz Gonzalez,12-254-1149,pedro.cruz216@utp.ac.pa,FISC,Facultad de Ingenieria de Sistemas Computacionales,Ingenieria en Sistemas y Computacion,2020,10,61.64,46.42,102,43,0.2757,En Riesgo,40.99,En Riesgo
UTP-0120,Paola Reyes Torres,5-396-6375,paola.reyes120@utp.ac.pa,FIIA,Facultad de Ingenieria Industrial y Administrativa,Ingenieria Industrial,2020,9,75.56,84.94,115,11,0.0786,Activo,17.02,Rendimiento Regular
UTP-0008,Andres Martinez Castillo,7-374-2084,andres.martinez008@utp.ac.pa,FACIN,Facultad de Ciencias Naturales y Exactas,Licenciatura en Matematica,2022,5,88.87,94.27,70,0,0.0,Activo,6.46,Alto Rendimiento
UTP-0091,Carlos Ruiz Chavez,11-659-3588,carlos.ruiz091@utp.ac.pa,FIEM,Facultad de Ingenieria Mecanica,Ingenieria Mecatronica,2023,4,84.21,74.38,45,13,0.1782,Activo,19.74,Rendimiento Regular
UTP-0047,Daniela Gutierrez Alvarado,2-830-5681,daniela.gutierrez047@utp.ac.pa,FACIN,Facultad de Ciencias Naturales y Exactas,Licenciatura en Fisica Aplicada,2024,2,94.07,89.08,26,1,0.0468,Activo,7.37,Alto Rendimiento
UTP-0074,Ricardo Rodriguez Perez,4-790-1339,ricardo.rodriguez074@utp.ac.pa,FISC,Facultad de Ingenieria de Sistemas Computacionales,Licenciatura en Desarrollo de Software,2022,7,90.41,100.0,111,0,0.0,Activo,3.84,Alto Rendimiento
UTP-0094,Andres Diaz Solis,5-794-3240,andres.diaz094@utp.ac.pa,FIE,Facultad de Ingenieria Electricista,Ingenieria Electricista,2024,2,75.07,83.68,25,5,0.1531,Activo,19.51,Rendimiento Regular
UTP-0077,Eduardo Ortiz Castillo,2-891-7622,eduardo.ortiz077@utp.ac.pa,FIEM,Facultad de Ingenieria Mecanica,Ingenieria Mecanica,2023,3,73.42,87.08,43,4,0.0835,Regular,17.24,Rendimiento Regular
UTP-0287,Miguel Alvarado Ruiz,6-516-2978,miguel.alvarado287@utp.ac.pa,FIIA,Facultad de Ingenieria Industrial y Administrativa,Ingenieria Industrial,2021,7,44.13,58.33,49,69,0.5244,Suspension Academica,50.04,Riesgo Critico
UTP-0061,Diana Diaz Perez,4-837-7658,diana.diaz061@utp.ac.pa,FIIA,Facultad de Ingenieria Industrial y Administrativa,Administracion de Empresas Tecnologicas,2024,1,93.13,90.57,14,0,0.0079,Activo,6.25,Alto Rendimiento
UTP-0078,Diego Barrios Medina,10-874-9167,diego.barrios078@utp.ac.pa,FISC,Facultad de Ingenieria de Sistemas Computacionales,Licenciatura en Desarrollo de Software,2023,3,78.08,83.27,41,4,0.0874,Activo,16.81,Rendimiento Regular
UTP-0064,Sergio Gomez Diaz,4-856-8933,sergio.gomez064@utp.ac.pa,FACIN,Facultad de Ciencias Naturales y Exactas,Licenciatura en Matematica,2022,5,82.43,92.21,66,5,0.0657,Activo,11.4,Alto Rendimiento
UTP-0235,Diego Villalba Pimentel,3-798-1440,diego.villalba235@utp.ac.pa,FIEM,Facultad de Ingenieria Mecanica,Ingenieria Mecatronica,2020,10,59.48,56.73,134,24,0.1555,En Riesgo,35.24,En Riesgo
UTP-0230,Carolina Morales Montenegro,9-273-7237,carolina.morales230@utp.ac.pa,FIEM,Facultad de Ingenieria Mecanica,Ingenieria Mecatronica,2020,10,61.13,73.69,95,45,0.3155,En Riesgo,32.65,En Riesgo
UTP-0112,Natalia Torres Ceballos,1-700-6400,natalia.torres112@utp.ac.pa,FIEM,Facultad de Ingenieria Mecanica,Ingenieria Mecanica,2020,9,73.61,88.85,121,15,0.1126,Regular,17.27,Rendimiento Regular
UTP-0232,Diego Ruiz Sanchez,3-411-1110,diego.ruiz232@utp.ac.pa,FIC,Facultad de Ingenieria Civil,Licenciatura en Topografia,2024,3,66.08,72.74,35,11,0.2552,En Riesgo,29.49,En Riesgo
UTP-0181,Ricardo Solis Espino,4-352-5571,ricardo.solis181@utp.ac.pa,FIEM,Facultad de Ingenieria Mecanica,Ingenieria Mecatronica,2024,2,81.18,76.22,25,4,0.1465,Activo,19.51,Rendimiento Regular
UTP-0145,Daniela Flores Chavez,7-101-6780,daniela.flores145@utp.ac.pa,FIIA,Facultad de Ingenieria Industrial y Administrativa,Ingenieria Industrial,2024,3,75.65,87.31,34,9,0.1951,Activo,19.06,Rendimiento Regular
UTP-0240,Andrea Ruiz Villalba,12-612-3469,andrea.ruiz240@utp.ac.pa,FACIN,Facultad de Ciencias Naturales y Exactas,Licenciatura en Matematica,2023,4,63.75,65.09,41,14,0.2754,En Riesgo,33.6,En Riesgo
UTP-0076,Isabella Castillo Sanchez,3-437-7744,isabella.castillo076@utp.ac.pa,FISC,Facultad de Ingenieria de Sistemas Computacionales,Licenciatura en Desarrollo de Software,2022,6,82.44,83.39,85,5,0.0661,Activo,14.49,Rendimiento Regular
UTP-0298,Daniela Gutierrez Pimentel,12-157-4594,daniela.gutierrez298@utp.ac.pa,FIC,Facultad de Ingenieria Civil,Ingenieria Civil,2021,9,51.55,62.67,48,110,0.6403,Suspension Academica,48.45,Riesgo Critico
UTP-0279,Jorge Cruz Castillo,4-526-6241,jorge.cruz279@utp.ac.pa,FIC,Facultad de Ingenieria Civil,Ingenieria Civil,2020,10,47.76,54.34,44,91,0.6861,Suspension Academica,54.03,Riesgo Critico
UTP-0098,Ricardo Pimentel Ramirez,8-477-5295,ricardo.pimentel098@utp.ac.pa,FIE,Facultad de Ingenieria Electricista,Ingenieria Electricista,2023,3,74.53,79.46,37,8,0.1625,Regular,21.44,Rendimiento Regular
UTP-0093,Andrea Gutierrez Garcia,10-985-1803,andrea.gutierrez093@utp.ac.pa,FIE,Facultad de Ingenieria Electricista,Ingenieria en Telecomunicaciones,2022,5,78.0,79.4,69,10,0.1235,Activo,19.1,Rendimiento Regular
UTP-0193,Paola Rivera Jimenez,11-614-6095,paola.rivera193@utp.ac.pa,FIC,Facultad de Ingenieria Civil,Ingenieria Civil,2020,10,78.18,87.63,145,7,0.0461,Activo,14.21,Rendimiento Regular
UTP-0026,Diana Castillo Ortiz,4-785-6147,diana.castillo026@utp.ac.pa,FISC,Facultad de Ingenieria de Sistemas Computacionales,Licenciatura en Desarrollo de Software,2024,3,94.11,94.35,41,1,0.031,Activo,5.11,Alto Rendimiento
UTP-0233,Isabella Munoz Cardenas,3-407-6253,isabella.munoz233@utp.ac.pa,FIIA,Facultad de Ingenieria Industrial y Administrativa,Administracion de Empresas Tecnologicas,2022,6,64.63,57.99,58,36,0.3539,En Riesgo,37.7,En Riesgo
UTP-0060,Lucia Castillo Gomez,8-317-6813,lucia.castillo060@utp.ac.pa,FIEM,Facultad de Ingenieria Mecanica,Ingenieria Mecatronica,2022,5,97.27,92.94,68,9,0.1216,Activo,6.6,Alto Rendimiento
UTP-0007,Miguel Pimentel Morales,3-573-7216,miguel.pimentel007@utp.ac.pa,FACIN,Facultad de Ciencias Naturales y Exactas,Licenciatura en Fisica Aplicada,2020,10,85.46,88.35,130,15,0.084,Activo,11.99,Alto Rendimiento
UTP-0186,Miguel Moreno Espino,8-766-4267,miguel.moreno186@utp.ac.pa,FACIN,Facultad de Ciencias Naturales y Exactas,Licenciatura en Matematica,2020,10,74.94,80.07,138,14,0.0984,Regular,19.46,Rendimiento Regular
UTP-0174,Andrea Medina Romero,9-474-3363,andrea.medina174@utp.ac.pa,FIE,Facultad de Ingenieria Electricista,Ingenieria Electricista,2021,7,80.76,72.98,84,16,0.1472,Activo,20.83,Rendimiento Regular
UTP-0031,Pedro Ortiz Rivera,12-552-8007,pedro.ortiz031@utp.ac.pa,FIE,Facultad de Ingenieria Electricista,Ingenieria Electricista,2020,10,90.49,97.87,146,2,0.0189,Activo,5.02,Alto Rendimiento
UTP-0023,Carolina Aparicio Flores,4-403-4566,carolina.aparicio023@utp.ac.pa,FIEM,Facultad de Ingenieria Mecanica,Ingenieria Mecatronica,2023,5,89.64,98.01,75,4,0.0508,Activo,6.11,Alto Rendimiento
UTP-0257,Andrea Aparicio Flores,10-747-5402,andrea.aparicio257@utp.ac.pa,FIC,Facultad de Ingenieria Civil,Licenciatura en Topografia,2021,9,59.87,82.5,90,46,0.3366,En Riesgo,30.59,En Riesgo
UTP-0057,Roberto Pimentel Munoz,11-479-2129,roberto.pimentel057@utp.ac.pa,FACIN,Facultad de Ciencias Naturales y Exactas,Licenciatura en Matematica,2024,1,88.77,90.99,14,0,0.0133,Activo,7.98,Alto Rendimiento
UTP-0187,Fernando Cruz Pimentel,12-840-1611,fernando.cruz187@utp.ac.pa,FIE,Facultad de Ingenieria Electricista,Ingenieria Electricista,2020,10,78.97,80.47,136,18,0.1345,Activo,18.61,Rendimiento Regular
UTP-0109,Gabriela Gonzalez Torres,5-739-9984,gabriela.gonzalez109@utp.ac.pa,FISC,Facultad de Ingenieria de Sistemas Computacionales,Ingenieria en Sistemas y Computacion,2022,7,71.97,75.71,88,18,0.1779,Regular,24.16,Rendimiento Regular
UTP-0127,Hector Vargas Gutierrez,10-157-6766,hector.vargas127@utp.ac.pa,FIC,Facultad de Ingenieria Civil,Licenciatura en Topografia,2020,10,87.95,78.15,136,11,0.078,Activo,14.42,Rendimiento Regular
UTP-0231,Miguel Munoz Gutierrez,7-406-8933,miguel.munoz231@utp.ac.pa,FIE,Facultad de Ingenieria Electricista,Ingenieria en Telecomunicaciones,2021,7,61.2,77.27,87,20,0.1935,En Riesgo,28.31,En Riesgo
UTP-0194,Andres Torres Espino,3-565-7121,andres.torres194@utp.ac.pa,FIE,Facultad de Ingenieria Electricista,Ingenieria en Telecomunicaciones,2024,1,82.72,85.03,13,1,0.0992,Activo,14.63,Rendimiento Regular
UTP-0130,Valeria Martinez Morales,12-548-8199,valeria.martinez130@utp.ac.pa,FIE,Facultad de Ingenieria Electricista,Ingenieria Electricista,2024,3,86.38,88.7,40,4,0.0912,Activo,11.68,Rendimiento Regular
UTP-0283,Carlos Romero Garcia,11-485-6038,carlos.romero283@utp.ac.pa,FISC,Facultad de Ingenieria de Sistemas Computacionales,Ingenieria en Sistemas y Computacion,2024,2,50.02,76.55,15,13,0.4235,En Riesgo,38.78,Riesgo Critico
UTP-0083,Sergio Espino Herrera,6-665-9903,sergio.espino083@utp.ac.pa,FIIA,Facultad de Ingenieria Industrial y Administrativa,Administracion de Empresas Tecnologicas,2021,8,74.63,79.08,91,31,0.2083,Regular,22.68,Rendimiento Regular
UTP-0085,Pedro Caballero Villalba,6-990-2644,pedro.caballero085@utp.ac.pa,FIEM,Facultad de Ingenieria Mecanica,Ingenieria Mecanica,2023,3,87.61,89.19,45,2,0.044,Activo,9.84,Rendimiento Regular
UTP-0067,Sofia Gonzalez Jimenez,8-175-1878,sofia.gonzalez067@utp.ac.pa,FIC,Facultad de Ingenieria Civil,Ingenieria Civil,2022,6,90.29,89.43,79,5,0.0507,Activo,8.85,Alto Rendimiento
UTP-0289,Laura Morales Herrera,7-625-1802,laura.morales289@utp.ac.pa,FISC,Facultad de Ingenieria de Sistemas Computacionales,Ingenieria en Sistemas y Computacion,2022,5,43.71,48.12,35,38,0.5343,Suspension Academica,54.03,Riesgo Critico
UTP-0164,Carolina Gutierrez Torres,11-410-9740,carolina.gutierrez164@utp.ac.pa,FIE,Facultad de Ingenieria Electricista,Ingenieria Electricista,2022,5,81.41,82.95,55,16,0.194,Activo,18.25,Rendimiento Regular
UTP-0155,Jose Morales Medina,6-492-1530,jose.morales155@utp.ac.pa,FIIA,Facultad de Ingenieria Industrial y Administrativa,Administracion de Empresas Tecnologicas,2020,9,73.5,84.28,119,17,0.1144,Regular,18.96,Rendimiento Regular
UTP-0020,Andrea Romero Sanchez,4-296-4116,andrea.romero020@utp.ac.pa,FACIN,Facultad de Ciencias Naturales y Exactas,Licenciatura en Matematica,2020,9,88.45,95.33,124,8,0.0693,Activo,7.99,Alto Rendimiento
UTP-0125,Gabriela Morales Sanchez,3-362-4232,gabriela.morales125@utp.ac.pa,FIIA,Facultad de Ingenieria Industrial y Administrativa,Ingenieria Industrial,2022,6,84.26,88.76,64,18,0.2277,Activo,15.92,Rendimiento Regular
UTP-0080,Sofia Ruiz Ramirez,11-952-3522,sofia.ruiz080@utp.ac.pa,FISC,Facultad de Ingenieria de Sistemas Computacionales,Licenciatura en Desarrollo de Software,2020,9,77.93,79.03,111,25,0.1626,Activo,20.23,Rendimiento Regular
UTP-0115,Fernanda Rodriguez Gomez,5-819-6062,fernanda.rodriguez115@utp.ac.pa,FIIA,Facultad de Ingenieria Industrial y Administrativa,Ingenieria Industrial,2024,3,78.22,79.96,42,4,0.0964,Activo,18.14,Rendimiento Regular
UTP-0119,Alejandro Villalba Aparicio,9-783-6053,alejandro.villalba119@utp.ac.pa,FISC,Facultad de Ingenieria de Sistemas Computacionales,Licenciatura en Desarrollo de Software,2023,3,76.9,76.98,36,5,0.1191,Activo,20.27,Rendimiento Regular
UTP-0073,Patricia Vargas Jimenez,5-612-9847,patricia.vargas073@utp.ac.pa,FIE,Facultad de Ingenieria Electricista,Ingenieria en Telecomunicaciones,2023,3,86.14,93.05,43,1,0.0254,Activo,8.61,Alto Rendimiento
UTP-0016,Diego Vargas Jimenez,11-765-7118,diego.vargas016@utp.ac.pa,FIIA,Facultad de Ingenieria Industrial y Administrativa,Administracion de Empresas Tecnologicas,2021,9,86.4,92.16,122,10,0.0717,Activo,9.98,Alto Rendimiento
UTP-0011,Jose Aguilar Aguilar,10-579-9669,jose.aguilar011@utp.ac.pa,FIC,Facultad de Ingenieria Civil,Ingenieria Civil,2023,5,86.99,100.0,68,3,0.0396,Activo,6.19,Alto Rendimiento
UTP-0195,Pablo Perez Barrios,8-640-6927,pablo.perez195@utp.ac.pa,FIEM,Facultad de Ingenieria Mecanica,Ingenieria Mecanica,2021,9,80.16,96.62,108,19,0.1291,Activo,12.34,Rendimiento Regular
UTP-0102,Natalia Reyes Alvarado,8-341-6942,natalia.reyes102@utp.ac.pa,FIEM,Facultad de Ingenieria Mecanica,Ingenieria Mecatronica,2022,5,80.05,82.87,60,10,0.1259,Activo,17.12,Rendimiento Regular
UTP-0069,Paola Montenegro Solis,1-724-2625,paola.montenegro069@utp.ac.pa,FIEM,Facultad de Ingenieria Mecanica,Ingenieria Mecatronica,2024,2,83.11,90.25,29,1,0.0555,Activo,11.55,Alto Rendimiento
UTP-0225,Pablo Jimenez Castillo,1-749-5478,pablo.jimenez225@utp.ac.pa,FISC,Facultad de Ingenieria de Sistemas Computacionales,Licenciatura en Desarrollo de Software,2024,3,61.29,65.03,38,7,0.1674,En Riesgo,31.91,En Riesgo
UTP-0038,Ricardo Martinez Munoz,1-632-9821,ricardo.martinez038@utp.ac.pa,FISC,Facultad de Ingenieria de Sistemas Computacionales,Licenciatura en Desarrollo de Software,2024,1,89.87,94.24,13,2,0.1139,Activo,8.92,Alto Rendimiento
UTP-0017,Isabella Rodriguez Villalba,9-335-4608,isabella.rodriguez017@utp.ac.pa,FISC,Facultad de Ingenieria de Sistemas Computacionales,Ingenieria en Sistemas y Computacion,2021,7,91.72,86.95,90,6,0.0497,Activo,9.12,Alto Rendimiento
UTP-0180,Camila Ceballos Castillo,11-589-9609,camila.ceballos180@utp.ac.pa,FIEM,Facultad de Ingenieria Mecanica,Ingenieria Mecanica,2021,9,75.08,89.04,118,15,0.0912,Activo,16.08,Rendimiento Regular
UTP-0148,Roberto Pimentel Romero,11-279-8612,roberto.pimentel148@utp.ac.pa,FIIA,Facultad de Ingenieria Industrial y Administrativa,Administracion de Empresas Tecnologicas,2021,7,76.84,70.6,98,12,0.1155,Activo,22.45,Rendimiento Regular
UTP-0275,Pedro Garcia Rivera,8-455-9568,pedro.garcia275@utp.ac.pa,FACIN,Facultad de Ciencias Naturales y Exactas,Licenciatura en Matematica,2020,9,64.09,48.37,73,72,0.4465,En Riesgo,43.6,Riesgo Critico
UTP-0068,Carolina Moreno Cardenas,10-909-4697,carolina.moreno068@utp.ac.pa,FIE,Facultad de Ingenieria Electricista,Ingenieria Electricista,2021,7,92.8,98.33,100,7,0.0716,Activo,5.25,Alto Rendimiento
UTP-0229,Carolina Perez Cardenas,10-903-6315,carolina.perez229@utp.ac.pa,FISC,Facultad de Ingenieria de Sistemas Computacionales,Ingenieria en Sistemas y Computacion,2020,10,56.89,73.7,115,33,0.2608,En Riesgo,32.97,En Riesgo
UTP-0070,Daniela Gomez Ceballos,2-260-1043,daniela.gomez070@utp.ac.pa,FIC,Facultad de Ingenieria Civil,Licenciatura en Topografia,2020,9,92.57,96.06,110,24,0.1556,Activo,8.24,Alto Rendimiento
UTP-0032,Natalia Villalba Ceballos,3-540-3088,natalia.villalba032@utp.ac.pa,FACIN,Facultad de Ciencias Naturales y Exactas,Licenciatura en Matematica,2024,1,88.36,92.43,13,0,0.0,Activo,7.3,Alto Rendimiento
UTP-0184,Sergio Gutierrez Ceballos,12-378-3249,sergio.gutierrez184@utp.ac.pa,FIE,Facultad de Ingenieria Electricista,Ingenieria en Telecomunicaciones,2021,7,73.98,83.52,86,13,0.1122,Regular,18.98,Rendimiento Regular
UTP-0266,Melissa Alvarado Reyes,2-202-3293,melissa.alvarado266@utp.ac.pa,FIE,Facultad de Ingenieria Electricista,Ingenieria Electricista,2021,8,68.27,67.68,82,44,0.3345,En Riesgo,32.37,En Riesgo
UTP-0226,Monica Gomez Villalba,11-489-2404,monica.gomez226@utp.ac.pa,FIC,Facultad de Ingenieria Civil,Licenciatura en Topografia,2024,2,59.11,59.12,17,12,0.4202,En Riesgo,41.17,En Riesgo
UTP-0141,Natalia Morales Aguilar,2-483-4678,natalia.morales141@utp.ac.pa,FIEM,Facultad de Ingenieria Mecanica,Ingenieria Mecanica,2023,5,87.3,93.53,60,10,0.1076,Activo,10.03,Rendimiento Regular
UTP-0019,Jorge Diaz Sanchez,2-774-8062,jorge.diaz019@utp.ac.pa,FIIA,Facultad de Ingenieria Industrial y Administrativa,Administracion de Empresas Tecnologicas,2021,8,95.15,97.73,113,1,0.0148,Activo,3.1,Alto Rendimiento
UTP-0182,Lucia Castillo Espino,6-673-5480,lucia.castillo182@utp.ac.pa,FIE,Facultad de Ingenieria Electricista,Ingenieria en Telecomunicaciones,2021,9,84.21,68.17,118,11,0.0802,Activo,19.46,Rendimiento Regular
UTP-0097,Patricia Gonzalez Flores,4-980-7511,patricia.gonzalez097@utp.ac.pa,FIEM,Facultad de Ingenieria Mecanica,Ingenieria Mecatronica,2022,5,78.4,79.26,70,9,0.1096,Activo,18.64,Rendimiento Regular
UTP-0133,Laura Vargas Ceballos,7-758-6381,laura.vargas133@utp.ac.pa,FACIN,Facultad de Ciencias Naturales y Exactas,Licenciatura en Fisica Aplicada,2021,9,68.43,91.12,123,17,0.1143,Regular,18.59,Rendimiento Regular
UTP-0263,Camila Espino Gonzalez,3-707-4705,camila.espino263@utp.ac.pa,FIEM,Facultad de Ingenieria Mecanica,Ingenieria Mecanica,2020,9,67.17,71.67,96,38,0.2744,En Riesgo,29.91,En Riesgo
UTP-0087,Sergio Aguilar Castillo,11-835-8994,sergio.aguilar087@utp.ac.pa,FACIN,Facultad de Ciencias Naturales y Exactas,Licenciatura en Matematica,2022,7,79.22,87.65,101,6,0.0737,Activo,14.48,Rendimiento Regular
UTP-0249,Lucia Chavez Torres,3-422-8389,lucia.chavez249@utp.ac.pa,FACIN,Facultad de Ciencias Naturales y Exactas,Licenciatura en Matematica,2024,1,65.59,62.19,10,5,0.2949,En Riesgo,34.37,En Riesgo
UTP-0246,Eduardo Cardenas Aguilar,10-501-2871,eduardo.cardenas246@utp.ac.pa,FIE,Facultad de Ingenieria Electricista,Ingenieria en Telecomunicaciones,2024,3,65.36,70.05,27,19,0.3586,En Riesgo,33.3,En Riesgo
UTP-0117,Miguel Medina Vargas,12-432-2391,miguel.medina117@utp.ac.pa,FIEM,Facultad de Ingenieria Mecanica,Ingenieria Mecatronica,2023,4,73.41,81.72,54,7,0.1355,Regular,20.42,Rendimiento Regular
UTP-0147,Ricardo Rodriguez Herrera,2-453-4950,ricardo.rodriguez147@utp.ac.pa,FIEM,Facultad de Ingenieria Mecanica,Ingenieria Mecanica,2023,4,68.48,82.67,52,9,0.1392,Regular,22.15,Rendimiento Regular
UTP-0293,Maria Aguilar Munoz,3-462-4517,maria.aguilar293@utp.ac.pa,FIIA,Facultad de Ingenieria Industrial y Administrativa,Administracion de Empresas Tecnologicas,2023,4,44.38,54.24,31,29,0.498,Suspension Academica,50.72,Riesgo Critico
UTP-0198,Ricardo Garcia Reyes,10-174-1742,ricardo.garcia198@utp.ac.pa,FACIN,Facultad de Ciencias Naturales y Exactas,Licenciatura en Fisica Aplicada,2020,10,60.61,71.83,101,53,0.3067,En Riesgo,33.28,En Riesgo
UTP-0207,Francisco Gomez Pimentel,8-346-4692,francisco.gomez207@utp.ac.pa,FIEM,Facultad de Ingenieria Mecanica,Ingenieria Mecatronica,2021,8,65.41,69.79,89,30,0.2168,Regular,29.83,En Riesgo
UTP-0056,Diego Gonzalez Villalba,12-950-4978,diego.gonzalez056@utp.ac.pa,FIIA,Facultad de Ingenieria Industrial y Administrativa,Administracion de Empresas Tecnologicas,2023,5,92.06,97.29,62,8,0.0969,Activo,6.55,Alto Rendimiento
UTP-0173,Diego Medina Ceballos,5-175-7329,diego.medina173@utp.ac.pa,FIEM,Facultad de Ingenieria Mecanica,Ingenieria Mecanica,2024,3,79.5,77.13,38,6,0.125,Activo,19.33,Rendimiento Regular
UTP-0185,Diana Cruz Cruz,1-202-7771,diana.cruz185@utp.ac.pa,FIC,Facultad de Ingenieria Civil,Ingenieria Civil,2020,10,82.84,84.53,124,21,0.1369,Activo,15.7,Rendimiento Regular
UTP-0168,Eduardo Herrera Jimenez,3-878-7070,eduardo.herrera168@utp.ac.pa,FIIA,Facultad de Ingenieria Industrial y Administrativa,Ingenieria Industrial,2022,7,86.55,74.61,88,13,0.1481,Activo,17.97,Rendimiento Regular
UTP-0140,Gabriela Munoz Perez,4-936-8391,gabriela.munoz140@utp.ac.pa,FIC,Facultad de Ingenieria Civil,Licenciatura en Topografia,2023,5,77.58,90.08,68,11,0.1234,Activo,15.53,Rendimiento Regular
UTP-0254,Camila Villalba Herrera,12-724-8015,camila.villalba254@utp.ac.pa,FISC,Facultad de Ingenieria de Sistemas Computacionales,Licenciatura en Desarrollo de Software,2020,9,66.5,63.39,89,35,0.2898,En Riesgo,33.46,En Riesgo
UTP-0039,Jose Romero Solis,6-779-3041,jose.romero039@utp.ac.pa,FACIN,Facultad de Ciencias Naturales y Exactas,Licenciatura en Matematica,2022,6,89.04,95.21,88,3,0.039,Activo,7.04,Alto Rendimiento
UTP-0126,Lucia Ruiz Montenegro,10-559-6295,lucia.ruiz126@utp.ac.pa,FACIN,Facultad de Ciencias Naturales y Exactas,Licenciatura en Matematica,2021,9,73.16,88.23,122,19,0.1292,Regular,18.08,Rendimiento Regular
UTP-0196,Gabriela Rivera Castillo,9-552-2904,gabriela.rivera196@utp.ac.pa,FISC,Facultad de Ingenieria de Sistemas Computacionales,Ingenieria en Sistemas y Computacion,2024,3,64.24,64.33,36,11,0.212,En Riesgo,32.09,En Riesgo
UTP-0284,Gabriela Gutierrez Perez,1-337-9515,gabriela.gutierrez284@utp.ac.pa,FIC,Facultad de Ingenieria Civil,Licenciatura en Topografia,2023,3,44.28,45.77,24,24,0.4333,Suspension Academica,52.1,Riesgo Critico
UTP-0138,Patricia Chavez Aguilar,9-640-7859,patricia.chavez138@utp.ac.pa,FIC,Facultad de Ingenieria Civil,Licenciatura en Topografia,2024,2,71.38,73.8,25,6,0.1839,Regular,25.22,Rendimiento Regular
UTP-0113,Pablo Vargas Herrera,2-691-9313,pablo.vargas113@utp.ac.pa,FACIN,Facultad de Ciencias Naturales y Exactas,Licenciatura en Fisica Aplicada,2020,10,72.87,81.07,121,23,0.1406,Regular,20.99,Rendimiento Regular
UTP-0169,Hector Morales Flores,2-151-5754,hector.morales169@utp.ac.pa,FIC,Facultad de Ingenieria Civil,Licenciatura en Topografia,2020,10,73.75,80.08,144,16,0.0904,Regular,19.73,Rendimiento Regular
UTP-0118,Hector Munoz Aparicio,10-552-7785,hector.munoz118@utp.ac.pa,FIIA,Facultad de Ingenieria Industrial y Administrativa,Ingenieria Industrial,2020,10,84.38,88.15,126,19,0.112,Activo,13.2,Rendimiento Regular
UTP-0278,Rafael Garcia Martinez,1-350-1753,rafael.garcia278@utp.ac.pa,FISC,Facultad de Ingenieria de Sistemas Computacionales,Ingenieria en Sistemas y Computacion,2021,9,41.57,41.96,78,55,0.4079,Suspension Academica,53.88,Riesgo Critico
UTP-0272,Andrea Perez Pimentel,9-730-3501,andrea.perez272@utp.ac.pa,FIIA,Facultad de Ingenieria Industrial y Administrativa,Administracion de Empresas Tecnologicas,2023,5,49.38,62.32,48,23,0.3217,Suspension Academica,41.48,Riesgo Critico
UTP-0156,Fernando Torres Barrios,6-507-6150,fernando.torres156@utp.ac.pa,FIE,Facultad de Ingenieria Electricista,Ingenieria en Telecomunicaciones,2023,3,75.9,86.69,38,6,0.1579,Activo,18.25,Rendimiento Regular
UTP-0177,Isabella Ramirez Moreno,10-415-1436,isabella.ramirez177@utp.ac.pa,FIE,Facultad de Ingenieria Electricista,Ingenieria en Telecomunicaciones,2020,10,78.3,77.57,127,22,0.1519,Activo,20.33,Rendimiento Regular
UTP-0179,Hector Castillo Moreno,3-522-4340,hector.castillo179@utp.ac.pa,FISC,Facultad de Ingenieria de Sistemas Computacionales,Ingenieria en Sistemas y Computacion,2021,7,73.74,83.28,94,9,0.077,Regular,18.28,Rendimiento Regular
UTP-0003,Adriana Gutierrez Garcia,3-814-7924,adriana.gutierrez003@utp.ac.pa,FACIN,Facultad de Ciencias Naturales y Exactas,Licenciatura en Fisica Aplicada,2021,8,97.9,97.07,112,2,0.0259,Activo,2.52,Alto Rendimiento
UTP-0116,Andrea Gonzalez Flores,12-748-1502,andrea.gonzalez116@utp.ac.pa,FIC,Facultad de Ingenieria Civil,Ingenieria Civil,2024,3,78.16,74.31,39,2,0.0496,Activo,18.97,Rendimiento Regular
UTP-0144,Daniela Moreno Solis,8-164-2816,daniela.moreno144@utp.ac.pa,FIC,Facultad de Ingenieria Civil,Licenciatura en Topografia,2020,9,68.21,75.9,137,2,0.018,Regular,21.6,Rendimiento Regular
UTP-0178,Manuel Rivera Barrios,11-838-7229,manuel.rivera178@utp.ac.pa,FACIN,Facultad de Ciencias Naturales y Exactas,Licenciatura en Matematica,2020,10,68.69,82.6,131,10,0.0594,Regular,20.1,Rendimiento Regular
UTP-0121,Sergio Cruz Caballero,9-953-6802,sergio.cruz121@utp.ac.pa,FIEM,Facultad de Ingenieria Mecanica,Ingenieria Mecanica,2021,8,79.6,92.2,97,16,0.1146,Activo,13.76,Rendimiento Regular
UTP-0211,Carolina Castillo Chavez,7-577-9743,carolina.castillo211@utp.ac.pa,FIC,Facultad de Ingenieria Civil,Ingenieria Civil,2023,3,54.54,80.24,33,11,0.2674,En Riesgo,31.79,En Riesgo
UTP-0261,Hector Ruiz Garcia,7-307-3161,hector.ruiz261@utp.ac.pa,FIEM,Facultad de Ingenieria Mecanica,Ingenieria Mecanica,2020,9,63.89,57.32,97,41,0.3104,En Riesgo,37.14,En Riesgo
UTP-0128,Alejandro Gonzalez Perez,10-708-9307,alejandro.gonzalez128@utp.ac.pa,FIEM,Facultad de Ingenieria Mecanica,Ingenieria Mecanica,2020,10,74.0,70.26,131,15,0.0937,Regular,23.15,Rendimiento Regular
UTP-0075,Diana Alvarado Gutierrez,3-699-8141,diana.alvarado075@utp.ac.pa,FIE,Facultad de Ingenieria Electricista,Ingenieria Electricista,2021,8,93.43,87.55,117,3,0.0258,Activo,7.63,Alto Rendimiento
UTP-0030,Ricardo Caballero Aparicio,5-966-1832,ricardo.caballero030@utp.ac.pa,FACIN,Facultad de Ciencias Naturales y Exactas,Licenciatura en Fisica Aplicada,2021,9,91.64,91.88,117,7,0.0554,Activo,7.57,Alto Rendimiento
UTP-0084,Andres Moreno Martinez,6-862-8749,andres.moreno084@utp.ac.pa,FIC,Facultad de Ingenieria Civil,Ingenieria Civil,2024,2,79.02,75.43,25,5,0.1659,Activo,21.14,Rendimiento Regular
UTP-0270,Fernando Moreno Medina,9-799-3830,fernando.moreno270@utp.ac.pa,FIE,Facultad de Ingenieria Electricista,Ingenieria en Telecomunicaciones,2021,8,60.61,78.05,97,31,0.2084,En Riesgo,28.65,En Riesgo
UTP-0108,Maria Lopez Espino,7-536-2768,maria.lopez108@utp.ac.pa,FISC,Facultad de Ingenieria de Sistemas Computacionales,Licenciatura en Desarrollo de Software,2023,5,79.98,78.09,57,20,0.2246,Activo,21.29,Rendimiento Regular
UTP-0224,Pedro Perez Caballero,12-454-1879,pedro.perez224@utp.ac.pa,FACIN,Facultad de Ciencias Naturales y Exactas,Licenciatura en Fisica Aplicada,2023,5,68.46,77.97,61,8,0.1141,Regular,23.18,En Riesgo
UTP-0159,Sergio Chavez Vargas,3-828-3852,sergio.chavez159@utp.ac.pa,FIE,Facultad de Ingenieria Electricista,Ingenieria en Telecomunicaciones,2020,10,85.22,81.51,131,23,0.1488,Activo,16.1,Rendimiento Regular
UTP-0281,Carolina Ruiz Garcia,6-305-5777,carolina.ruiz281@utp.ac.pa,FIE,Facultad de Ingenieria Electricista,Ingenieria en Telecomunicaciones,2022,5,47.65,58.75,47,26,0.3653,Suspension Academica,44.51,Riesgo Critico
UTP-0247,Adriana Perez Torres,6-220-4908,adriana.perez247@utp.ac.pa,FIIA,Facultad de Ingenieria Industrial y Administrativa,Ingenieria Industrial,2022,7,71.33,76.11,87,12,0.1327,Regular,23.15,En Riesgo
UTP-0223,Andrea Gonzalez Vargas,3-677-4939,andrea.gonzalez223@utp.ac.pa,FISC,Facultad de Ingenieria de Sistemas Computacionales,Ingenieria en Sistemas y Computacion,2024,1,61.73,80.03,13,1,0.0679,En Riesgo,24.0,En Riesgo
UTP-0066,Pedro Aparicio Sanchez,1-687-5658,pedro.aparicio066@utp.ac.pa,FISC,Facultad de Ingenieria de Sistemas Computacionales,Ingenieria en Sistemas y Computacion,2024,2,91.93,90.46,28,1,0.0446,Activo,7.68,Alto Rendimiento
UTP-0199,Luis Chavez Moreno,3-887-3218,luis.chavez199@utp.ac.pa,FIIA,Facultad de Ingenieria Industrial y Administrativa,Ingenieria Industrial,2020,10,68.19,63.92,114,49,0.2584,En Riesgo,31.81,En Riesgo
UTP-0086,Gabriela Moreno Flores,2-580-5342,gabriela.moreno086@utp.ac.pa,FIIA,Facultad de Ingenieria Industrial y Administrativa,Administracion de Empresas Tecnologicas,2020,10,74.58,90.6,131,14,0.0846,Regular,15.57,Rendimiento Regular
UTP-0214,Isabella Ortiz Aparicio,12-757-9037,isabella.ortiz214@utp.ac.pa,FIEM,Facultad de Ingenieria Mecanica,Ingenieria Mecanica,2023,5,56.52,65.31,43,36,0.4135,En Riesgo,39.87,En Riesgo
UTP-0160,Lucia Rodriguez Medina,9-686-7044,lucia.rodriguez160@utp.ac.pa,FISC,Facultad de Ingenieria de Sistemas Computacionales,Ingenieria en Sistemas y Computacion,2021,7,78.56,100.0,84,23,0.176,Activo,12.98,Rendimiento Regular
UTP-0013,Rafael Sanchez Vargas,11-619-4258,rafael.sanchez013@utp.ac.pa,FACIN,Facultad de Ciencias Naturales y Exactas,Licenciatura en Fisica Aplicada,2024,1,91.04,86.16,13,0,0.0002,Activo,8.43,Alto Rendimiento
UTP-0036,Fernanda Herrera Caballero,7-795-9785,fernanda.herrera036@utp.ac.pa,FIEM,Facultad de Ingenieria Mecanica,Ingenieria Mecatronica,2022,5,92.02,100.0,68,2,0.0452,Activo,4.32,Alto Rendimiento
UTP-0029,Juan Torres Ortiz,2-209-3546,juan.torres029@utp.ac.pa,FACIN,Facultad de Ciencias Naturales y Exactas,Licenciatura en Matematica,2024,2,85.96,91.99,26,2,0.0675,Activo,10.11,Alto Rendimiento
UTP-0143,Ricardo Reyes Flores,9-844-9647,ricardo.reyes143@utp.ac.pa,FIIA,Facultad de Ingenieria Industrial y Administrativa,Ingenieria Industrial,2020,9,72.18,87.12,108,27,0.1729,Regular,19.96,Rendimiento Regular
UTP-0285,Rafael Torres Jimenez,2-706-2020,rafael.torres285@utp.ac.pa,FIEM,Facultad de Ingenieria Mecanica,Ingenieria Mecanica,2024,1,43.54,63.89,4,12,0.6705,Suspension Academica,51.98,Riesgo Critico
UTP-0255,Roberto Pimentel Gutierrez,10-651-3758,roberto.pimentel255@utp.ac.pa,FIC,Facultad de Ingenieria Civil,Ingenieria Civil,2020,10,75.8,67.23,90,64,0.3719,En Riesgo,30.45,En Riesgo
UTP-0171,Rafael Ruiz Morales,4-697-6781,rafael.ruiz171@utp.ac.pa,FIEM,Facultad de Ingenieria Mecanica,Ingenieria Mecanica,2020,10,78.35,82.7,122,15,0.1081,Activo,17.42,Rendimiento Regular
UTP-0052,Francisco Castillo Reyes,8-434-6529,francisco.castillo052@utp.ac.pa,FIEM,Facultad de Ingenieria Mecanica,Ingenieria Mecanica,2020,10,91.16,95.17,151,2,0.0186,Activo,5.69,Alto Rendimiento
UTP-0096,Sergio Medina Barrios,9-379-3695,sergio.medina096@utp.ac.pa,FIEM,Facultad de Ingenieria Mecanica,Ingenieria Mecanica,2021,7,67.24,82.09,84,18,0.1494,Regular,23.11,Rendimiento Regular
UTP-0209,Sergio Diaz Lopez,5-486-1647,sergio.diaz209@utp.ac.pa,FISC,Facultad de Ingenieria de Sistemas Computacionales,Licenciatura en Desarrollo de Software,2022,5,70.97,63.91,62,14,0.2008,Regular,29.27,En Riesgo
UTP-0248,Jorge Cardenas Torres,10-492-7931,jorge.cardenas248@utp.ac.pa,FACIN,Facultad de Ciencias Naturales y Exactas,Licenciatura en Matematica,2024,2,56.6,63.0,20,9,0.2821,En Riesgo,37.36,En Riesgo
UTP-0042,Laura Chavez Caballero,11-748-6491,laura.chavez042@utp.ac.pa,FIC,Facultad de Ingenieria Civil,Licenciatura en Topografia,2021,9,82.99,96.35,111,17,0.1057,Activo,10.72,Alto Rendimiento
UTP-0090,Melissa Aguilar Solis,11-346-9153,melissa.aguilar090@utp.ac.pa,FIC,Facultad de Ingenieria Civil,Ingenieria Civil,2021,7,69.85,80.36,96,12,0.1265,Regular,22.1,Rendimiento Regular
UTP-0245,Jose Montenegro Sanchez,9-291-6993,jose.montenegro245@utp.ac.pa,FISC,Facultad de Ingenieria de Sistemas Computacionales,Ingenieria en Sistemas y Computacion,2021,8,65.04,54.38,73,45,0.3623,En Riesgo,39.01,En Riesgo
UTP-0137,Alejandro Alvarado Cruz,9-344-6070,alejandro.alvarado137@utp.ac.pa,FIE,Facultad de Ingenieria Electricista,Ingenieria Electricista,2023,5,77.6,86.09,67,13,0.1556,Activo,17.72,Rendimiento Regular
UTP-0027,Jose Garcia Ruiz,10-676-2638,jose.garcia027@utp.ac.pa,FACIN,Facultad de Ciencias Naturales y Exactas,Licenciatura en Fisica Aplicada,2023,4,90.46,86.05,53,1,0.0334,Activo,9.53,Alto Rendimiento
UTP-0294,Melissa Solis Morales,11-402-9173,melissa.solis294@utp.ac.pa,FIEM,Facultad de Ingenieria Mecanica,Ingenieria Mecanica,2020,10,56.32,77.27,82,71,0.4363,En Riesgo,36.34,Riesgo Critico
UTP-0142,Luis Chavez Espino,12-951-3273,luis.chavez142@utp.ac.pa,FACIN,Facultad de Ciencias Naturales y Exactas,Licenciatura en Fisica Aplicada,2021,7,81.86,86.87,87,20,0.1884,Activo,16.56,Rendimiento Regular
UTP-0201,Diana Torres Cruz,1-874-1372,diana.torres201@utp.ac.pa,FISC,Facultad de Ingenieria de Sistemas Computacionales,Ingenieria en Sistemas y Computacion,2024,2,66.78,60.62,20,11,0.3496,En Riesgo,35.81,En Riesgo
UTP-0001,Fernanda Morales Cruz,3-854-2679,fernanda.morales001@utp.ac.pa,FACIN,Facultad de Ciencias Naturales y Exactas,Licenciatura en Matematica,2020,10,92.48,93.45,143,11,0.0594,Activo,6.79,Alto Rendimiento
UTP-0269,Sofia Morales Aparicio,11-708-2163,sofia.morales269@utp.ac.pa,FISC,Facultad de Ingenieria de Sistemas Computacionales,Ingenieria en Sistemas y Computacion,2023,4,60.83,65.53,41,22,0.2978,En Riesgo,35.18,En Riesgo
UTP-0273,Eduardo Jimenez Villalba,11-881-2083,eduardo.jimenez273@utp.ac.pa,FIIA,Facultad de Ingenieria Industrial y Administrativa,Ingenieria Industrial,2021,9,49.87,60.9,63,71,0.5099,Suspension Academica,46.49,Riesgo Critico
UTP-0101,Sergio Moreno Villalba,12-844-3531,sergio.moreno101@utp.ac.pa,FIC,Facultad de Ingenieria Civil,Licenciatura en Topografia,2023,4,72.86,79.64,53,10,0.1574,Regular,21.92,Rendimiento Regular
UTP-0260,Pedro Montenegro Aparicio,6-798-1793,pedro.montenegro260@utp.ac.pa,FIE,Facultad de Ingenieria Electricista,Ingenieria en Telecomunicaciones,2024,3,61.76,67.4,27,16,0.3297,En Riesgo,34.94,En Riesgo
UTP-0256,Juan Torres Moreno,1-383-3078,juan.torres256@utp.ac.pa,FIE,Facultad de Ingenieria Electricista,Ingenieria en Telecomunicaciones,2024,3,59.48,67.72,26,17,0.4217,En Riesgo,38.05,En Riesgo
UTP-0172,Carlos Sanchez Munoz,3-370-6992,carlos.sanchez172@utp.ac.pa,FIIA,Facultad de Ingenieria Industrial y Administrativa,Administracion de Empresas Tecnologicas,2022,7,72.46,79.54,90,16,0.1578,Regular,22.12,Rendimiento Regular
UTP-0099,Maria Solis Ceballos,6-724-4626,maria.solis099@utp.ac.pa,FIE,Facultad de Ingenieria Electricista,Ingenieria Electricista,2021,8,78.79,78.84,101,22,0.165,Activo,20.02,Rendimiento Regular
UTP-0037,Luis Sanchez Cardenas,7-453-6139,luis.sanchez037@utp.ac.pa,FIE,Facultad de Ingenieria Electricista,Ingenieria Electricista,2024,2,91.29,93.7,29,0,0.0,Activo,5.69,Alto Rendimiento
UTP-0062,Maria Perez Chavez,4-514-4986,maria.perez062@utp.ac.pa,FACIN,Facultad de Ciencias Naturales y Exactas,Licenciatura en Fisica Aplicada,2023,4,92.41,93.11,53,4,0.0614,Activo,6.98,Alto Rendimiento
UTP-0151,Hector Aguilar Romero,3-608-9151,hector.aguilar151@utp.ac.pa,FISC,Facultad de Ingenieria de Sistemas Computacionales,Licenciatura en Desarrollo de Software,2023,4,76.69,88.73,53,5,0.0707,Activo,15.04,Rendimiento Regular
UTP-0237,Hector Cardenas Espino,10-510-9755,hector.cardenas237@utp.ac.pa,FACIN,Facultad de Ciencias Naturales y Exactas,Licenciatura en Fisica Aplicada,2023,3,52.59,81.57,31,16,0.2969,En Riesgo,32.84,En Riesgo
UTP-0203,Maria Morales Reyes,2-203-1550,maria.morales203@utp.ac.pa,FISC,Facultad de Ingenieria de Sistemas Computacionales,Ingenieria en Sistemas y Computacion,2023,5,59.13,58.04,63,11,0.1377,En Riesgo,34.48,En Riesgo
UTP-0243,Valeria Ceballos Rivera,6-673-7985,valeria.ceballos243@utp.ac.pa,FISC,Facultad de Ingenieria de Sistemas Computacionales,Ingenieria en Sistemas y Computacion,2021,9,63.09,70.78,109,30,0.2368,En Riesgo,30.91,En Riesgo
UTP-0012,Isabella Ramirez Chavez,7-261-8433,isabella.ramirez012@utp.ac.pa,FISC,Facultad de Ingenieria de Sistemas Computacionales,Ingenieria en Sistemas y Computacion,2024,2,84.71,97.29,27,0,0.0034,Activo,7.15,Alto Rendimiento
UTP-0297,Maria Gutierrez Lopez,8-642-6856,maria.gutierrez297@utp.ac.pa,FISC,Facultad de Ingenieria de Sistemas Computacionales,Licenciatura en Desarrollo de Software,2024,1,52.13,63.09,6,11,0.5985,Suspension Academica,47.03,Riesgo Critico
UTP-0268,Paola Reyes Barrios,10-621-4090,paola.reyes268@utp.ac.pa,FIIA,Facultad de Ingenieria Industrial y Administrativa,Administracion de Empresas Tecnologicas,2020,10,60.42,68.77,116,35,0.243,En Riesgo,32.84,En Riesgo
UTP-0028,Daniela Medina Chavez,3-548-9900,daniela.medina028@utp.ac.pa,FIE,Facultad de Ingenieria Electricista,Ingenieria Electricista,2022,5,91.79,99.91,74,2,0.0245,Activo,3.93,Alto Rendimiento
UTP-0220,Andrea Aguilar Aguilar,9-587-1919,andrea.aguilar220@utp.ac.pa,FACIN,Facultad de Ciencias Naturales y Exactas,Licenciatura en Matematica,2020,9,62.88,69.58,99,41,0.2685,En Riesgo,32.2,En Riesgo
UTP-0005,Melissa Medina Montenegro,4-821-2139,melissa.medina005@utp.ac.pa,FIEM,Facultad de Ingenieria Mecanica,Ingenieria Mecanica,2024,2,91.21,86.35,27,0,0.0,Activo,8.29,Alto Rendimiento
UTP-0123,Miguel Solis Ruiz,12-470-2443,miguel.solis123@utp.ac.pa,FISC,Facultad de Ingenieria de Sistemas Computacionales,Licenciatura en Desarrollo de Software,2020,10,78.12,83.08,128,16,0.1249,Activo,17.8,Rendimiento Regular
UTP-0033,Daniela Sanchez Herrera,9-995-7658,daniela.sanchez033@utp.ac.pa,FISC,Facultad de Ingenieria de Sistemas Computacionales,Licenciatura en Desarrollo de Software,2021,9,91.48,95.04,137,6,0.0402,Activo,6.15,Alto Rendimiento
UTP-0205,Eduardo Morales Vargas,3-776-9540,eduardo.morales205@utp.ac.pa,FIC,Facultad de Ingenieria Civil,Licenciatura en Topografia,2024,3,64.4,59.0,22,21,0.4757,Suspension Academica,40.48,En Riesgo
UTP-0163,Gabriela Vargas Rivera,3-430-4694,gabriela.vargas163@utp.ac.pa,FIIA,Facultad de Ingenieria Industrial y Administrativa,Ingenieria Industrial,2020,10,73.77,76.51,114,38,0.2044,Regular,23.82,Rendimiento Regular
UTP-0210,Isabella Vargas Garcia,4-294-2922,isabella.vargas210@utp.ac.pa,FIIA,Facultad de Ingenieria Industrial y Administrativa,Ingenieria Industrial,2023,3,62.37,68.45,29,19,0.3675,En Riesgo,35.28,En Riesgo
UTP-0286,Andrea Castillo Castillo,8-378-4827,andrea.castillo286@utp.ac.pa,FIC,Facultad de Ingenieria Civil,Licenciatura en Topografia,2022,6,44.0,43.68,36,47,0.5566,Suspension Academica,56.03,Riesgo Critico
UTP-0139,Manuel Medina Ceballos,2-828-9452,manuel.medina139@utp.ac.pa,FIIA,Facultad de Ingenieria Industrial y Administrativa,Ingenieria Industrial,2022,5,78.66,78.51,62,14,0.1976,Activo,21.0,Rendimiento Regular
UTP-0063,Carolina Romero Herrera,12-564-5438,carolina.romero063@utp.ac.pa,FIEM,Facultad de Ingenieria Mecanica,Ingenieria Mecatronica,2023,5,92.37,93.71,70,1,0.0146,Activo,5.62,Alto Rendimiento
UTP-0136,Pablo Aguilar Flores,3-285-3712,pablo.aguilar136@utp.ac.pa,FISC,Facultad de Ingenieria de Sistemas Computacionales,Licenciatura en Desarrollo de Software,2024,1,80.11,76.59,13,1,0.1129,Activo,18.97,Rendimiento Regular
UTP-0129,Diego Castillo Cardenas,8-613-3471,diego.castillo129@utp.ac.pa,FACIN,Facultad de Ciencias Naturales y Exactas,Licenciatura en Matematica,2023,5,73.2,83.9,68,10,0.1371,Regular,19.78,Rendimiento Regular
UTP-0291,Diego Jimenez Medina,11-745-2376,diego.jimenez291@utp.ac.pa,FISC,Facultad de Ingenieria de Sistemas Computacionales,Ingenieria en Sistemas y Computacion,2021,7,46.76,44.02,69,33,0.3345,Suspension Academica,49.25,Riesgo Critico
UTP-0009,Lucia Jimenez Ruiz,3-371-3287,lucia.jimenez009@utp.ac.pa,FACIN,Facultad de Ciencias Naturales y Exactas,Licenciatura en Fisica Aplicada,2021,9,87.28,94.44,127,0,0.0055,Activo,7.17,Alto Rendimiento
UTP-0071,Alejandro Chavez Ruiz,2-803-4824,alejandro.chavez071@utp.ac.pa,FIEM,Facultad de Ingenieria Mecanica,Ingenieria Mecatronica,2020,9,92.85,98.54,132,11,0.0686,Activo,5.08,Alto Rendimiento
UTP-0265,Francisco Torres Flores,2-643-1138,francisco.torres265@utp.ac.pa,FIE,Facultad de Ingenieria Electricista,Ingenieria en Telecomunicaciones,2022,5,64.36,57.79,60,13,0.1935,En Riesgo,33.87,En Riesgo
UTP-0065,Alejandro Cruz Medina,3-409-1231,alejandro.cruz065@utp.ac.pa,FIIA,Facultad de Ingenieria Industrial y Administrativa,Administracion de Empresas Tecnologicas,2020,9,91.07,89.02,131,5,0.0452,Activo,8.55,Alto Rendimiento
UTP-0045,Diana Ruiz Lopez,9-355-2988,diana.ruiz045@utp.ac.pa,FISC,Facultad de Ingenieria de Sistemas Computacionales,Licenciatura en Desarrollo de Software,2021,7,84.69,95.89,101,1,0.0124,Activo,7.87,Alto Rendimiento
UTP-0280,Ana Gomez Cruz,9-147-7568,ana.gomez280@utp.ac.pa,FIE,Facultad de Ingenieria Electricista,Ingenieria Electricista,2024,3,41.01,61.84,21,22,0.4743,Suspension Academica,48.81,Riesgo Critico
UTP-0157,Diana Aguilar Ceballos,2-368-5264,diana.aguilar157@utp.ac.pa,FISC,Facultad de Ingenieria de Sistemas Computacionales,Ingenieria en Sistemas y Computacion,2021,8,74.35,79.55,109,12,0.1062,Regular,20.08,Rendimiento Regular
UTP-0041,Carlos Vargas Chavez,4-540-6279,carlos.vargas041@utp.ac.pa,FIIA,Facultad de Ingenieria Industrial y Administrativa,Administracion de Empresas Tecnologicas,2023,5,93.96,90.36,67,6,0.0821,Activo,7.84,Alto Rendimiento
UTP-0124,Andrea Vargas Romero,4-441-3754,andrea.vargas124@utp.ac.pa,FIEM,Facultad de Ingenieria Mecanica,Ingenieria Mecatronica,2024,1,73.13,83.15,11,2,0.1449,Regular,20.27,Rendimiento Regular
UTP-0276,Fernanda Ramirez Rodriguez,6-926-8034,fernanda.ramirez276@utp.ac.pa,FIE,Facultad de Ingenieria Electricista,Ingenieria Electricista,2022,5,58.17,67.8,40,28,0.4373,En Riesgo,38.93,Riesgo Critico
UTP-0217,Carlos Pimentel Ceballos,7-112-1274,carlos.pimentel217@utp.ac.pa,FISC,Facultad de Ingenieria de Sistemas Computacionales,Licenciatura en Desarrollo de Software,2023,3,61.85,73.57,25,18,0.4279,En Riesgo,35.21,En Riesgo
UTP-0154,Ana Gonzalez Jimenez,6-625-3621,ana.gonzalez154@utp.ac.pa,FIIA,Facultad de Ingenieria Industrial y Administrativa,Administracion de Empresas Tecnologicas,2022,7,71.01,94.79,97,11,0.1218,Regular,16.46,Rendimiento Regular
UTP-0024,Ana Villalba Espino,9-973-9701,ana.villalba024@utp.ac.pa,FIIA,Facultad de Ingenieria Industrial y Administrativa,Ingenieria Industrial,2022,5,86.77,95.45,63,8,0.0861,Activo,9.04,Alto Rendimiento
UTP-0262,Laura Medina Rivera,1-505-6005,laura.medina262@utp.ac.pa,FIE,Facultad de Ingenieria Electricista,Ingenieria Electricista,2022,6,66.05,72.48,58,38,0.3665,En Riesgo,32.37,En Riesgo
UTP-0111,Jorge Sanchez Castillo,7-420-5176,jorge.sanchez111@utp.ac.pa,FIEM,Facultad de Ingenieria Mecanica,Ingenieria Mecatronica,2023,4,76.94,77.62,50,6,0.1238,Activo,20.15,Rendimiento Regular
UTP-0082,Jorge Romero Caballero,5-940-1042,jorge.romero082@utp.ac.pa,FACIN,Facultad de Ciencias Naturales y Exactas,Licenciatura en Matematica,2020,10,81.33,75.8,128,15,0.1033,Activo,18.52,Rendimiento Regular
UTP-0208,Jorge Ceballos Barrios,3-497-4978,jorge.ceballos208@utp.ac.pa,FIEM,Facultad de Ingenieria Mecanica,Ingenieria Mecanica,2024,2,65.36,83.06,17,11,0.3876,En Riesgo,29.48,En Riesgo
UTP-0213,Carolina Villalba Villalba,12-527-5836,carolina.villalba213@utp.ac.pa,FACIN,Facultad de Ciencias Naturales y Exactas,Licenciatura en Matematica,2020,10,67.12,68.59,114,26,0.1768,Regular,28.57,En Riesgo
UTP-0040,Alejandro Ceballos Torres,4-530-7211,alejandro.ceballos040@utp.ac.pa,FIE,Facultad de Ingenieria Electricista,Ingenieria en Telecomunicaciones,2022,6,84.16,98.57,85,6,0.0626,Activo,8.4,Alto Rendimiento
UTP-0241,Sofia Flores Herrera,5-451-8460,sofia.flores241@utp.ac.pa,FISC,Facultad de Ingenieria de Sistemas Computacionales,Licenciatura en Desarrollo de Software,2023,3,64.54,54.32,38,8,0.1721,En Riesgo,34.48,En Riesgo
UTP-0292,Hector Torres Perez,6-225-1699,hector.torres292@utp.ac.pa,FISC,Facultad de Ingenieria de Sistemas Computacionales,Ingenieria en Sistemas y Computacion,2020,9,42.88,51.67,40,84,0.7153,Suspension Academica,57.65,Riesgo Critico
UTP-0259,Sergio Jimenez Reyes,7-944-4470,sergio.jimenez259@utp.ac.pa,FISC,Facultad de Ingenieria de Sistemas Computacionales,Licenciatura en Desarrollo de Software,2022,5,66.11,55.44,57,16,0.2218,Regular,34.7,En Riesgo
UTP-0200,Hector Aguilar Aguilar,2-799-9835,hector.aguilar200@utp.ac.pa,FACIN,Facultad de Ciencias Naturales y Exactas,Licenciatura en Fisica Aplicada,2022,6,58.11,64.45,57,34,0.3102,En Riesgo,36.96,En Riesgo
UTP-0015,Lucia Gonzalez Pimentel,3-231-8787,lucia.gonzalez015@utp.ac.pa,FIIA,Facultad de Ingenieria Industrial y Administrativa,Ingenieria Industrial,2020,10,89.42,92.8,158,0,0.0,Activo,6.75,Alto Rendimiento
UTP-0048,Andres Aguilar Flores,12-319-2052,andres.aguilar048@utp.ac.pa,FIIA,Facultad de Ingenieria Industrial y Administrativa,Ingenieria Industrial,2021,7,96.54,87.57,97,4,0.0455,Activo,6.87,Alto Rendimiento
UTP-0095,Luis Villalba Medina,12-234-2476,luis.villalba095@utp.ac.pa,FACIN,Facultad de Ciencias Naturales y Exactas,Licenciatura en Matematica,2022,6,84.93,75.57,73,20,0.2267,Activo,20.24,Rendimiento Regular
UTP-0264,Pedro Espino Gonzalez,4-492-2463,pedro.espino264@utp.ac.pa,FISC,Facultad de Ingenieria de Sistemas Computacionales,Licenciatura en Desarrollo de Software,2020,10,54.7,71.44,107,39,0.2966,En Riesgo,35.53,En Riesgo
UTP-0228,Juan Torres Perez,3-541-8353,juan.torres228@utp.ac.pa,FIE,Facultad de Ingenieria Electricista,Ingenieria en Telecomunicaciones,2022,6,57.35,63.8,61,30,0.3191,En Riesgo,37.71,En Riesgo
UTP-0274,Monica Ramirez Ruiz,10-723-1901,monica.ramirez274@utp.ac.pa,FIC,Facultad de Ingenieria Civil,Ingenieria Civil,2021,7,55.46,46.83,33,82,0.6691,Suspension Academica,53.16,Riesgo Critico
UTP-0202,Andres Morales Ruiz,6-258-5516,andres.morales202@utp.ac.pa,FACIN,Facultad de Ciencias Naturales y Exactas,Licenciatura en Fisica Aplicada,2024,2,69.78,71.31,16,15,0.4301,En Riesgo,32.88,En Riesgo
UTP-0162,Diana Herrera Torres,9-755-3981,diana.herrera162@utp.ac.pa,FIE,Facultad de Ingenieria Electricista,Ingenieria Electricista,2023,4,78.02,78.46,58,2,0.0489,Activo,17.55,Rendimiento Regular
UTP-0044,Andrea Morales Flores,11-804-1090,andrea.morales044@utp.ac.pa,FIIA,Facultad de Ingenieria Industrial y Administrativa,Ingenieria Industrial,2023,4,87.48,87.8,60,3,0.0421,Activo,10.33,Alto Rendimiento
UTP-0218,Monica Gomez Sanchez,2-636-3439,monica.gomez218@utp.ac.pa,FIE,Facultad de Ingenieria Electricista,Ingenieria Electricista,2024,3,68.63,65.85,34,9,0.1915,Regular,29.29,En Riesgo
UTP-0146,Jose Barrios Pimentel,9-905-9316,jose.barrios146@utp.ac.pa,FACIN,Facultad de Ciencias Naturales y Exactas,Licenciatura en Matematica,2024,2,77.37,92.77,28,1,0.051,Activo,12.86,Rendimiento Regular
UTP-0191,Laura Jimenez Sanchez,3-243-8822,laura.jimenez191@utp.ac.pa,FIEM,Facultad de Ingenieria Mecanica,Ingenieria Mecatronica,2024,2,77.09,93.06,24,3,0.1363,Activo,15.0,Rendimiento Regular
UTP-0221,Isabella Montenegro Sanchez,9-143-4764,isabella.montenegro221@utp.ac.pa,FISC,Facultad de Ingenieria de Sistemas Computacionales,Licenciatura en Desarrollo de Software,2023,5,60.13,63.63,50,25,0.2774,En Riesgo,35.61,En Riesgo
UTP-0252,Sofia Montenegro Ramirez,5-893-9898,sofia.montenegro252@utp.ac.pa,FIEM,Facultad de Ingenieria Mecanica,Ingenieria Mecatronica,2024,3,68.27,60.4,23,22,0.4906,Suspension Academica,38.82,En Riesgo
UTP-0004,Juan Herrera Herrera,10-370-1711,juan.herrera004@utp.ac.pa,FIE,Facultad de Ingenieria Electricista,Ingenieria Electricista,2020,10,92.71,92.15,149,4,0.026,Activo,6.31,Alto Rendimiento
UTP-0106,Daniela Villalba Castillo,1-278-5347,daniela.villalba106@utp.ac.pa,FISC,Facultad de Ingenieria de Sistemas Computacionales,Ingenieria en Sistemas y Computacion,2020,10,77.11,87.09,122,18,0.1045,Activo,16.29,Rendimiento Regular
UTP-0054,Melissa Flores Morales,3-584-2874,melissa.flores054@utp.ac.pa,FISC,Facultad de Ingenieria de Sistemas Computacionales,Ingenieria en Sistemas y Computacion,2021,7,93.28,90.1,98,6,0.0636,Activo,7.74,Alto Rendimiento
UTP-0134,Natalia Rodriguez Medina,5-284-4509,natalia.rodriguez134@utp.ac.pa,FACIN,Facultad de Ciencias Naturales y Exactas,Licenciatura en Matematica,2023,5,83.19,73.43,65,7,0.09,Activo,18.27,Rendimiento Regular
UTP-0002,Laura Reyes Cruz,9-716-1434,laura.reyes002@utp.ac.pa,FISC,Facultad de Ingenieria de Sistemas Computacionales,Licenciatura en Desarrollo de Software,2020,9,97.62,93.06,130,5,0.033,Activo,4.21,Alto Rendimiento
UTP-0132,Pablo Flores Romero,2-696-3317,pablo.flores132@utp.ac.pa,FACIN,Facultad de Ciencias Naturales y Exactas,Licenciatura en Fisica Aplicada,2022,6,86.16,90.08,85,8,0.0965,Activo,11.42,Rendimiento Regular
UTP-0104,Pedro Montenegro Reyes,2-949-4394,pedro.montenegro104@utp.ac.pa,FISC,Facultad de Ingenieria de Sistemas Computacionales,Ingenieria en Sistemas y Computacion,2022,5,75.99,81.69,61,15,0.1749,Activo,20.38,Rendimiento Regular
UTP-0050,Sergio Cardenas Cruz,8-324-5471,sergio.cardenas050@utp.ac.pa,FIE,Facultad de Ingenieria Electricista,Ingenieria en Telecomunicaciones,2023,5,83.4,96.09,69,3,0.0489,Activo,9.23,Alto Rendimiento
UTP-0081,Manuel Morales Ruiz,9-248-7284,manuel.morales081@utp.ac.pa,FIIA,Facultad de Ingenieria Industrial y Administrativa,Administracion de Empresas Tecnologicas,2023,4,73.04,82.31,48,9,0.1452,Regular,20.61,Rendimiento Regular
UTP-0206,Lucia Lopez Herrera,11-787-7244,lucia.lopez206@utp.ac.pa,FISC,Facultad de Ingenieria de Sistemas Computacionales,Ingenieria en Sistemas y Computacion,2023,5,63.65,68.88,51,25,0.3381,En Riesgo,33.89,En Riesgo
UTP-0035,Andres Diaz Ruiz,6-412-4728,andres.diaz035@utp.ac.pa,FISC,Facultad de Ingenieria de Sistemas Computacionales,Licenciatura en Desarrollo de Software,2020,10,88.29,90.79,136,5,0.0352,Activo,8.79,Alto Rendimiento
UTP-0092,Ricardo Ruiz Vargas,4-493-8916,ricardo.ruiz092@utp.ac.pa,FIIA,Facultad de Ingenieria Industrial y Administrativa,Administracion de Empresas Tecnologicas,2023,5,77.05,77.11,59,10,0.1431,Activo,20.77,Rendimiento Regular
UTP-0053,Maria Pimentel Lopez,6-329-2124,maria.pimentel053@utp.ac.pa,FIEM,Facultad de Ingenieria Mecanica,Ingenieria Mecatronica,2020,10,99.33,95.9,154,0,0.0043,Activo,1.81,Alto Rendimiento
UTP-0242,Hector Castillo Gonzalez,5-145-2885,hector.castillo242@utp.ac.pa,FIE,Facultad de Ingenieria Electricista,Ingenieria en Telecomunicaciones,2020,10,66.72,69.37,100,39,0.2653,En Riesgo,30.67,En Riesgo
UTP-0014,Lucia Rodriguez Ramirez,6-999-6038,lucia.rodriguez014@utp.ac.pa,FIIA,Facultad de Ingenieria Industrial y Administrativa,Ingenieria Industrial,2024,2,90.98,96.95,27,1,0.0451,Activo,5.8,Alto Rendimiento
UTP-0089,Alejandro Herrera Medina,7-249-5000,alejandro.herrera089@utp.ac.pa,FISC,Facultad de Ingenieria de Sistemas Computacionales,Ingenieria en Sistemas y Computacion,2022,5,75.74,75.51,59,16,0.2016,Activo,23.32,Rendimiento Regular
UTP-0167,Patricia Gonzalez Lopez,3-550-7809,patricia.gonzalez167@utp.ac.pa,FIEM,Facultad de Ingenieria Mecanica,Ingenieria Mecanica,2023,4,72.62,74.7,49,9,0.1663,Regular,23.96,Rendimiento Regular
UTP-0295,Pedro Moreno Diaz,11-916-9614,pedro.moreno295@utp.ac.pa,FISC,Facultad de Ingenieria de Sistemas Computacionales,Ingenieria en Sistemas y Computacion,2022,6,44.57,62.44,35,66,0.5818,Suspension Academica,49.86,Riesgo Critico
UTP-0135,Jose Chavez Sanchez,9-889-9843,jose.chavez135@utp.ac.pa,FIC,Facultad de Ingenieria Civil,Ingenieria Civil,2021,7,77.03,83.28,98,12,0.0975,Activo,17.48,Rendimiento Regular
UTP-0288,Ricardo Ramirez Perez,3-926-5984,ricardo.ramirez288@utp.ac.pa,FIC,Facultad de Ingenieria Civil,Licenciatura en Topografia,2022,6,37.39,67.48,26,74,0.7155,Suspension Academica,54.32,Riesgo Critico
UTP-0244,Monica Jimenez Rodriguez,12-728-4232,monica.jimenez244@utp.ac.pa,FIEM,Facultad de Ingenieria Mecanica,Ingenieria Mecanica,2021,9,59.11,69.57,105,28,0.2017,En Riesgo,32.05,En Riesgo
UTP-0055,Pablo Cardenas Ramirez,3-418-2771,pablo.cardenas055@utp.ac.pa,FACIN,Facultad de Ciencias Naturales y Exactas,Licenciatura en Fisica Aplicada,2022,5,95.79,90.72,69,6,0.0689,Activo,6.65,Alto Rendimiento
UTP-0051,Pedro Solis Pimentel,1-503-1444,pedro.solis051@utp.ac.pa,FIE,Facultad de Ingenieria Electricista,Ingenieria en Telecomunicaciones,2021,8,91.25,95.39,108,2,0.0196,Activo,5.6,Alto Rendimiento
UTP-0175,Pedro Romero Espino,9-567-3440,pedro.romero175@utp.ac.pa,FIIA,Facultad de Ingenieria Industrial y Administrativa,Ingenieria Industrial,2020,9,73.69,86.42,124,11,0.0818,Regular,17.32,Rendimiento Regular
UTP-0190,Isabella Chavez Montenegro,11-875-4164,isabella.chavez190@utp.ac.pa,FACIN,Facultad de Ciencias Naturales y Exactas,Licenciatura en Matematica,2020,10,71.96,71.78,125,18,0.1024,Regular,23.66,Rendimiento Regular
UTP-0299,Roberto Villalba Rodriguez,12-817-6761,roberto.villalba299@utp.ac.pa,FIEM,Facultad de Ingenieria Mecanica,Ingenieria Mecatronica,2021,7,57.68,58.49,57,55,0.4799,Suspension Academica,43.46,Riesgo Critico
UTP-0188,Valeria Chavez Martinez,1-405-2758,valeria.chavez188@utp.ac.pa,FIC,Facultad de Ingenieria Civil,Ingenieria Civil,2023,4,87.38,88.23,56,6,0.1037,Activo,11.76,Rendimiento Regular
UTP-0170,Fernando Castillo Diaz,3-610-9433,fernando.castillo170@utp.ac.pa,FIEM,Facultad de Ingenieria Mecanica,Ingenieria Mecanica,2021,8,72.68,83.29,108,11,0.0785,Regular,18.74,Rendimiento Regular
UTP-0059,Adriana Gutierrez Castillo,4-950-2419,adriana.gutierrez059@utp.ac.pa,FIIA,Facultad de Ingenieria Industrial y Administrativa,Administracion de Empresas Tecnologicas,2023,4,91.38,97.31,54,2,0.0404,Activo,5.4,Alto Rendimiento
UTP-0049,Jorge Aguilar Villalba,12-120-7232,jorge.aguilar049@utp.ac.pa,FIEM,Facultad de Ingenieria Mecanica,Ingenieria Mecatronica,2020,9,91.3,97.13,132,0,0.0029,Activo,4.56,Alto Rendimiento
UTP-0236,Jose Moreno Aparicio,3-748-5961,jose.moreno236@utp.ac.pa,FACIN,Facultad de Ciencias Naturales y Exactas,Licenciatura en Matematica,2023,4,66.03,57.76,32,28,0.4204,En Riesgo,38.88,En Riesgo
UTP-0253,Monica Sanchez Morales,5-995-1528,monica.sanchez253@utp.ac.pa,FISC,Facultad de Ingenieria de Sistemas Computacionales,Licenciatura en Desarrollo de Software,2024,1,65.47,69.48,11,3,0.2113,Regular,29.78,En Riesgo
UTP-0022,Manuel Reyes Jimenez,1-268-7209,manuel.reyes022@utp.ac.pa,FIC,Facultad de Ingenieria Civil,Ingenieria Civil,2023,4,84.02,97.25,50,4,0.0807,Activo,9.37,Alto Rendimiento
UTP-0161,Andrea Espino Barrios,7-887-7708,andrea.espino161@utp.ac.pa,FIC,Facultad de Ingenieria Civil,Ingenieria Civil,2020,10,76.36,77.27,149,5,0.0397,Activo,18.4,Rendimiento Regular
UTP-0277,Rafael Medina Lopez,8-979-3734,rafael.medina277@utp.ac.pa,FACIN,Facultad de Ciencias Naturales y Exactas,Licenciatura en Matematica,2023,4,45.06,49.18,38,19,0.3387,Suspension Academica,48.23,Riesgo Critico
UTP-0192,Fernanda Romero Vargas,10-840-1187,fernanda.romero192@utp.ac.pa,FIE,Facultad de Ingenieria Electricista,Ingenieria en Telecomunicaciones,2021,8,75.9,87.98,112,1,0.0094,Activo,14.08,Rendimiento Regular
UTP-0258,Fernanda Medina Ruiz,8-435-1040,fernanda.medina258@utp.ac.pa,FISC,Facultad de Ingenieria de Sistemas Computacionales,Ingenieria en Sistemas y Computacion,2023,5,60.19,73.06,50,32,0.3578,En Riesgo,34.3,En Riesgo
UTP-0150,Ricardo Martinez Diaz,5-465-1783,ricardo.martinez150@utp.ac.pa,FIE,Facultad de Ingenieria Electricista,Ingenieria en Telecomunicaciones,2024,2,72.3,79.92,29,2,0.067,Regular,19.78,Rendimiento Regular
UTP-0131,Jorge Romero Cardenas,1-908-6482,jorge.romero131@utp.ac.pa,FIE,Facultad de Ingenieria Electricista,Ingenieria en Telecomunicaciones,2022,6,72.51,85.95,78,4,0.054,Regular,17.26,Rendimiento Regular
UTP-0152,Monica Cardenas Gomez,9-400-6262,monica.cardenas152@utp.ac.pa,FIE,Facultad de Ingenieria Electricista,Ingenieria Electricista,2023,3,79.52,79.82,38,3,0.0804,Activo,17.26,Rendimiento Regular
UTP-0100,Pedro Martinez Martinez,5-604-2902,pedro.martinez100@utp.ac.pa,FIEM,Facultad de Ingenieria Mecanica,Ingenieria Mecatronica,2023,3,78.54,87.88,35,8,0.1515,Activo,16.62,Rendimiento Regular
UTP-0088,Laura Munoz Sanchez,11-820-2646,laura.munoz088@utp.ac.pa,FISC,Facultad de Ingenieria de Sistemas Computacionales,Ingenieria en Sistemas y Computacion,2022,5,76.7,63.55,68,5,0.0688,Activo,23.8,Rendimiento Regular
UTP-0215,Sergio Aparicio Gomez,9-757-1962,sergio.aparicio215@utp.ac.pa,FIE,Facultad de Ingenieria Electricista,Ingenieria Electricista,2021,9,61.7,55.97,98,42,0.2603,En Riesgo,37.24,En Riesgo
UTP-0122,Jose Castillo Montenegro,7-687-7626,jose.castillo122@utp.ac.pa,FISC,Facultad de Ingenieria de Sistemas Computacionales,Licenciatura en Desarrollo de Software,2020,10,79.01,87.14,137,15,0.0999,Activo,15.4,Rendimiento Regular
UTP-0300,Paola Gomez Aparicio,1-192-1920,paola.gomez300@utp.ac.pa,FIIA,Facultad de Ingenieria Industrial y Administrativa,Ingenieria Industrial,2023,5,49.03,64.07,42,28,0.402,Suspension Academica,43.02,Riesgo Critico
UTP-0021,Jose Alvarado Ceballos,2-151-9856,jose.alvarado021@utp.ac.pa,FIC,Facultad de Ingenieria Civil,Licenciatura en Topografia,2023,3,87.6,93.26,46,0,0.0068,Activo,7.49,Alto Rendimiento
UTP-0189,Patricia Gutierrez Diaz,2-438-3662,patricia.gutierrez189@utp.ac.pa,FIEM,Facultad de Ingenieria Mecanica,Ingenieria Mecatronica,2021,9,83.01,80.55,135,2,0.0181,Activo,14.06,Rendimiento Regular
UTP-0072,Sergio Cruz Flores,5-946-3330,sergio.cruz072@utp.ac.pa,FACIN,Facultad de Ciencias Naturales y Exactas,Licenciatura en Matematica,2023,3,93.26,92.74,38,2,0.0628,Activo,6.81,Alto Rendimiento
UTP-0107,Hector Medina Caballero,10-211-8405,hector.medina107@utp.ac.pa,FIIA,Facultad de Ingenieria Industrial y Administrativa,Ingenieria Industrial,2020,10,78.62,82.22,129,23,0.1248,Activo,17.9,Rendimiento Regular
UTP-0271,Carlos Ortiz Reyes,1-161-7520,carlos.ortiz271@utp.ac.pa,FISC,Facultad de Ingenieria de Sistemas Computacionales,Ingenieria en Sistemas y Computacion,2024,1,46.69,47.6,4,11,0.6736,Suspension Academica,56.5,Riesgo Critico
UTP-0103,Fernanda Diaz Ramirez,8-193-4475,fernanda.diaz103@utp.ac.pa,FIIA,Facultad de Ingenieria Industrial y Administrativa,Administracion de Empresas Tecnologicas,2020,10,83.39,79.45,129,24,0.1474,Activo,17.52,Rendimiento Regular
